{
  "arch": "x86_64",
  "date": "20220503",
  "assets": [
    { "api": "5.0", "variants": ["pico", "nano"]},
    { "api": "5.1", "variants": ["pico", "nano", "stock", "tvmini", "tvstock"]},
    { "api": "6.0", "variants": ["pico", "nano", "stock", "tvmini", "tvstock"]},
    { "api": "7.0", "variants": ["pico", "nano", "stock", "tvmini", "tvstock"]},
    { "api": "7.1", "variants": ["pico", "nano", "micro", "mini", "full", "stock", "super", "tvmini", "tvstock"]},
    { "api": "8.0", "variants": ["pico", "nano", "micro", "mini", "full", "stock", "super", "tvmini", "tvstock"]},
    { "api": "8.1", "variants": ["pico", "nano", "micro", "mini", "full", "stock", "super", "tvmini", "tvstock"]},
    { "api": "9.0", "variants": ["pico", "nano", "micro", "mini", "full", "stock", "super", "tvmini", "tvstock"]},
    { "api": "10.0", "variants": ["pico", "nano", "micro", "mini", "full", "stock", "super", "tvmini", "tvstock"]},
    { "api": "11.0", "variants": ["pico", "nano", "micro", "mini", "full", "stock", "super", "tvmini", "tvstock"]}
  ]
}